address_id,delivery_address_1,delivery_address_2,delivery_city,delivery_zipcode
1,1673 Bell Avenue,NULL,Lake Heidi,6042
2,469 Moen Pine Apt. 353,NULL,Lake Heidi,6042
3,53162 Bergstrom Court Suite 585,NULL,Lake Heidi,6044
3,13637 Glover Path Apt. 594,NULL,Lake Heidi,6040
4,67280 Boehm Skyway,NULL,Lake Heidi,6040
4,09595 Melisa Mount,NULL,Lake Heidi,6040
4,1692 Freddie Parks Suite 636,NULL,Lake Heidi,6040
4,7242 Anais Well,NULL,Lake Heidi,6042
4,194 Chaim Lane,NULL,Lake Heidi,6042
5,50197 Mayer Stream Suite 262,NULL,Lake Heidi,6042
5,67280 Boehm Skyway,NULL,Lake Heidi,6042
5,53162 Bergstrom Court Suite 585,NULL,Lake Heidi,6040
6,13637 Glover Path Apt. 594,NULL,Lake Heidi,6042
6,67280 Boehm Skyway,NULL,Lake Heidi,6042
6,09595 Melisa Mount,NULL,Lake Heidi,6040
7,13637 Glover Path Apt. 594,NULL,Lake Heidi,6042
8,1673 Bell Avenue,NULL,Lake Heidi,6042
9,469 Moen Pine Apt. 353,NULL,Lake Heidi,6040
9,53162 Bergstrom Court Suite 585,NULL,Lake Heidi,6042
9,13637 Glover Path Apt. 594,NULL,Lake Heidi,6040
